ID,Módulo / Funcionalidad,Caso de Prueba,Descripción,Precondiciones,Pasos para Reproducir,Datos de Prueba,Resultado Esperado,Resultado Obtenido,Estado,Prioridad,Responsable,Fecha Ejecución,Observaciones
1,Login,Validar login exitoso,Verificar que el usuario puede acceder con credenciales válidas,Usuario registrado,1. Abrir app 2. Ingresar usuario y contraseña 3. Hacer clic en "Ingresar","user=test, pass=1234",Redirige al dashboard,Redirige al dashboard,✅ Aprobado,Alta,Ana Pérez,20/10/2025,—
2,Login,Validar error por contraseña incorrecta,Verificar que se muestra mensaje de error con contraseña incorrecta,Usuario registrado,1. Abrir app 2. Ingresar usuario y contraseña incorrecta 3. Hacer clic en "Ingresar","user=test, pass=0000",Mensaje "Credenciales inválidas",Muestra error correctamente,✅ Aprobado,Alta,Ana Pérez,20/10/2025,—
3,Login,Validar campos obligatorios,Verificar que se muestran mensajes de error cuando los campos están vacíos,Ninguna,1. Abrir app 2. Dejar campos vacíos 3. Hacer clic en "Ingresar","user=, pass=",Mensajes "El correo electrónico es obligatorio" y "La contraseña es obligatoria",Pendiente,⏳ Pendiente,Alta,Carlos Ruiz,—,—
4,Login,Validar formato de correo electrónico,Verificar que se valida el formato del correo electrónico,Ninguna,1. Abrir app 2. Ingresar correo con formato inválido 3. Hacer clic en "Ingresar","user=testinvalido, pass=1234",Mensaje "Introduce un correo electrónico válido",Pendiente,⏳ Pendiente,Media,Carlos Ruiz,—,—
5,Registro,Validar registro exitoso,Verificar que un nuevo usuario puede registrarse correctamente,Ninguna,1. Abrir app 2. Ir a "Crear cuenta" 3. Completar formulario 4. Hacer clic en "Registrarse","email=nuevo@test.com, pass=123456, nombre=Usuario Prueba",Registro exitoso y redirección a login o dashboard,Pendiente,⏳ Pendiente,Alta,María López,—,—
6,Registro,Validar usuario ya existente,Verificar que se muestra error al intentar registrar un correo ya existente,Usuario existente,1. Abrir app 2. Ir a "Crear cuenta" 3. Completar formulario con correo existente 4. Hacer clic en "Registrarse","email=test@test.com, pass=123456, nombre=Usuario Prueba",Mensaje "El correo electrónico ya está registrado",Pendiente,⏳ Pendiente,Alta,María López,—,—
7,Registro,Validar contraseña débil,Verificar que se valida la fortaleza de la contraseña,Ninguna,1. Abrir app 2. Ir a "Crear cuenta" 3. Ingresar contraseña débil 4. Hacer clic en "Registrarse","email=nuevo@test.com, pass=123, nombre=Usuario Prueba",Mensaje "La contraseña debe tener al menos 6 caracteres",Pendiente,⏳ Pendiente,Media,María López,—,—
8,Restauración de Contraseña,Validar envío de código,Verificar que se envía el código de verificación al correo,Usuario registrado,1. Ir a "Olvidé mi contraseña" 2. Ingresar correo 3. Hacer clic en "Restaurar contraseña","email=test@test.com, pass=123456, passRep=123456",Mensaje de confirmación de envío de código,Pendiente,⏳ Pendiente,Alta,Pedro Gómez,—,—
9,Restauración de Contraseña,Validar código de verificación,Verificar que se valida correctamente el código de verificación,Usuario con código enviado,1. Ingresar código recibido 2. Hacer clic en "Verificar código","código=12345",Acceso a pantalla de nueva contraseña,Pendiente,⏳ Pendiente,Alta,Pedro Gómez,—,—
10,Restauración de Contraseña,Validar cambio de contraseña,Verificar que se actualiza la contraseña correctamente,Usuario con código verificado,1. Ingresar nueva contraseña 2. Repetir contraseña 3. Hacer clic en "Guardar","pass=654321, passRep=654321",Mensaje de éxito y redirección a login,Pendiente,⏳ Pendiente,Alta,Pedro Gómez,—,—
11,Restauración de Contraseña,Validar coincidencia de contraseñas,Verificar que se valida que las contraseñas coincidan,Usuario con código verificado,1. Ingresar contraseñas diferentes 2. Hacer clic en "Guardar","pass=654321, passRep=123456",Mensaje "Las contraseñas no coinciden",Pendiente,⏳ Pendiente,Media,Pedro Gómez,—,—
12,Login,Validar persistencia de sesión,Verificar que la sesión se mantiene al cerrar y abrir la app,Usuario con sesión iniciada,1. Iniciar sesión 2. Cerrar app 3. Abrir app nuevamente,"user=test, pass=1234",Usuario mantiene la sesión iniciada,Pendiente,⏳ Pendiente,Media,Ana Pérez,—,—
13,Login,Validar cierre de sesión,Verificar que el usuario puede cerrar sesión correctamente,Usuario con sesión iniciada,1. Ir a perfil o configuración 2. Hacer clic en "Cerrar sesión",N/A,Sesión cerrada y redirección a login,Pendiente,⏳ Pendiente,Alta,Ana Pérez,—,—
14,Dietas,Visualizar dieta diaria,Verificar que se muestra correctamente la dieta del día seleccionado,Usuario con sesión iniciada y dieta asignada,1. Iniciar sesión 2. Ir a la sección de Dietas 3. Seleccionar un día,N/A,Muestra las comidas y macronutrientes del día seleccionado,Pendiente,⏳ Pendiente,Alta,Laura Martínez,—,—
15,Dietas,Registrar peso diario,Verificar que el usuario puede registrar su peso diario,Usuario con sesión iniciada,1. Ir a la sección de Dietas 2. Seleccionar opción de registrar peso 3. Ingresar peso 4. Guardar,"peso=75.5",Registro exitoso y actualización del gráfico de peso,Pendiente,⏳ Pendiente,Alta,Laura Martínez,—,—
16,Dietas,Visualizar progreso de peso,Verificar que se muestra correctamente el gráfico de progreso de peso,Usuario con registros de peso previos,1. Ir a la sección de Dietas 2. Seleccionar opción de ver progreso,N/A,Muestra gráfico con la evolución del peso,Pendiente,⏳ Pendiente,Media,Laura Martínez,—,—
17,Dietas,Visualizar macronutrientes,Verificar que se muestran correctamente las barras de macronutrientes,Usuario con sesión iniciada y dieta asignada,1. Ir a la sección de Dietas 2. Seleccionar un día,N/A,Muestra barras de progreso para proteínas, carbohidratos y grasas,Pendiente,⏳ Pendiente,Media,Laura Martínez,—,—
18,Dietas,Navegar entre días,Verificar que el usuario puede navegar entre diferentes días del calendario,Usuario con sesión iniciada,1. Ir a la sección de Dietas 2. Usar el selector de calendario para cambiar de día,N/A,Actualiza la vista con la información del día seleccionado,Pendiente,⏳ Pendiente,Media,Laura Martínez,—,—
19,Ejercicios,Buscar ejercicio,Verificar que el usuario puede buscar ejercicios por nombre o categoría,Usuario con sesión iniciada,1. Ir a la sección de Ejercicios 2. Ingresar texto en el buscador,"búsqueda=press banca",Muestra resultados que coinciden con la búsqueda,Pendiente,⏳ Pendiente,Alta,Roberto Sánchez,—,—
20,Ejercicios,Visualizar detalle de ejercicio,Verificar que se muestra correctamente el detalle de un ejercicio seleccionado,Usuario con sesión iniciada,1. Ir a la sección de Ejercicios 2. Seleccionar un ejercicio de la lista,N/A,Muestra información detallada del ejercicio (descripción, músculos trabajados, etc.),Pendiente,⏳ Pendiente,Alta,Roberto Sánchez,—,—
21,Ejercicios,Añadir ejercicio a rutina,Verificar que el usuario puede añadir un ejercicio a una rutina existente,Usuario con sesión iniciada y rutina creada,1. Ir a la sección de Ejercicios 2. Seleccionar un ejercicio 3. Elegir opción de añadir a rutina 4. Seleccionar rutina destino,"rutina=Rutina Pecho",Ejercicio añadido correctamente a la rutina seleccionada,Pendiente,⏳ Pendiente,Alta,Roberto Sánchez,—,—
22,Ejercicios,Filtrar por categoría,Verificar que el usuario puede filtrar ejercicios por categoría,Usuario con sesión iniciada,1. Ir a la sección de Ejercicios 2. Seleccionar filtro de categoría 3. Elegir una categoría,"categoría=Pierna",Muestra solo ejercicios de la categoría seleccionada,Pendiente,⏳ Pendiente,Media,Roberto Sánchez,—,—
23,Tablas,Crear nueva tabla,Verificar que el usuario puede crear una nueva tabla de entrenamiento,Usuario con sesión iniciada,1. Ir a la sección de Tablas 2. Seleccionar opción de crear nueva tabla 3. Completar información requerida 4. Guardar,"nombre=Mi Rutina, descripción=Rutina de fuerza",Tabla creada correctamente y visible en la lista de tablas,Pendiente,⏳ Pendiente,Alta,Javier Rodríguez,—,—
24,Tablas,Visualizar mesociclo,Verificar que se muestra correctamente la estructura del mesociclo,Usuario con sesión iniciada y tabla creada,1. Ir a la sección de Tablas 2. Seleccionar una tabla existente 3. Ver mesociclo,N/A,Muestra la estructura del mesociclo con semanas y sesiones,Pendiente,⏳ Pendiente,Alta,Javier Rodríguez,—,—
25,Tablas,Editar tabla existente,Verificar que el usuario puede editar una tabla existente,Usuario con sesión iniciada y tabla creada,1. Ir a la sección de Tablas 2. Seleccionar una tabla 3. Elegir opción de editar 4. Modificar información 5. Guardar,"nombre=Rutina Modificada",Cambios guardados correctamente y reflejados en la tabla,Pendiente,⏳ Pendiente,Alta,Javier Rodríguez,—,—
26,Tablas,Eliminar tabla,Verificar que el usuario puede eliminar una tabla existente,Usuario con sesión iniciada y tabla creada,1. Ir a la sección de Tablas 2. Seleccionar una tabla 3. Elegir opción de eliminar 4. Confirmar eliminación,N/A,Tabla eliminada correctamente y ya no visible en la lista,Pendiente,⏳ Pendiente,Media,Javier Rodríguez,—,—
27,Tablas,Buscar tablas,Verificar que el usuario puede buscar tablas por nombre,Usuario con sesión iniciada y múltiples tablas creadas,1. Ir a la sección de Tablas 2. Ingresar texto en el buscador,"búsqueda=Hipertrofia",Muestra resultados que coinciden con la búsqueda,Pendiente,⏳ Pendiente,Media,Javier Rodríguez,—,—
28,Sets,Registrar set completado,Verificar que el usuario puede registrar un set completado durante el entrenamiento,Usuario con sesión iniciada y entrenamiento en curso,1. Ir a la sesión de entrenamiento activa 2. Seleccionar ejercicio 3. Ingresar peso y repeticiones 4. Marcar como completado,"peso=80, reps=10",Set registrado correctamente y visible en el historial,Pendiente,⏳ Pendiente,Alta,Carmen Díaz,—,—
29,Sets,Editar set,Verificar que el usuario puede editar un set previamente registrado,Usuario con sesión iniciada y set registrado,1. Ir al historial de entrenamiento 2. Seleccionar set 3. Elegir opción de editar 4. Modificar información 5. Guardar,"peso=85, reps=8",Cambios guardados correctamente y reflejados en el historial,Pendiente,⏳ Pendiente,Media,Carmen Díaz,—,—
30,Sets,Visualizar historial de sets,Verificar que el usuario puede ver su historial de sets para un ejercicio específico,Usuario con sesión iniciada y sets registrados,1. Ir a la sección de Ejercicios 2. Seleccionar un ejercicio 3. Ver historial,N/A,Muestra historial de sets realizados para el ejercicio seleccionado,Pendiente,⏳ Pendiente,Media,Carmen Díaz,—,—
31,Perfil,Editar información personal,Verificar que el usuario puede editar su información personal,Usuario con sesión iniciada,1. Ir a la sección de Perfil 2. Seleccionar opción de editar perfil 3. Modificar información 4. Guardar,"nombre=Nuevo Nombre, altura=180",Cambios guardados correctamente y reflejados en el perfil,Pendiente,⏳ Pendiente,Alta,Elena Torres,—,—
32,Perfil,Cambiar contraseña,Verificar que el usuario puede cambiar su contraseña desde el perfil,Usuario con sesión iniciada,1. Ir a la sección de Perfil 2. Seleccionar opción de cambiar contraseña 3. Ingresar contraseña actual y nueva 4. Confirmar,"passActual=123456, passNueva=654321, passConfirm=654321",Contraseña actualizada correctamente,Pendiente,⏳ Pendiente,Alta,Elena Torres,—,—
33,Perfil,Configurar preferencias,Verificar que el usuario puede configurar sus preferencias de la aplicación,Usuario con sesión iniciada,1. Ir a la sección de Perfil 2. Seleccionar opción de configuración 3. Modificar preferencias 4. Guardar,"tema=oscuro, notificaciones=true",Preferencias guardadas correctamente y aplicadas,Pendiente,⏳ Pendiente,Media,Elena Torres,—,—
34,Perfil,Visualizar estadísticas,Verificar que el usuario puede ver sus estadísticas de entrenamiento,Usuario con sesión iniciada y entrenamientos registrados,1. Ir a la sección de Perfil 2. Seleccionar opción de estadísticas,N/A,Muestra estadísticas de entrenamiento (frecuencia, volumen, etc.),Pendiente,⏳ Pendiente,Media,Elena Torres,—,—
35,Perfil,Exportar datos,Verificar que el usuario puede exportar sus datos de entrenamiento,Usuario con sesión iniciada y datos registrados,1. Ir a la sección de Perfil 2. Seleccionar opción de exportar datos 3. Elegir formato y periodo,N/A,Datos exportados correctamente en el formato seleccionado,Pendiente,⏳ Pendiente,Baja,Elena Torres,—,—
36,Componentes Compartidos,Validar funcionamiento de popover,Verificar que los popovers se muestran y cierran correctamente,Usuario con sesión iniciada,1. Ir a cualquier sección con popover 2. Hacer clic en el botón que activa el popover 3. Seleccionar una opción,N/A,Popover se muestra correctamente y se cierra al seleccionar una opción,Pendiente,⏳ Pendiente,Alta,Sofía Ramírez,—,—
37,Componentes Compartidos,Validar filtros de búsqueda,Verificar que los filtros de búsqueda funcionan correctamente,Usuario con sesión iniciada,1. Ir a una sección con filtros 2. Seleccionar diferentes opciones de filtro,N/A,Los resultados se filtran correctamente según los criterios seleccionados,Pendiente,⏳ Pendiente,Alta,Sofía Ramírez,—,—
38,Componentes Compartidos,Validar skeleton loader,Verificar que los skeleton loaders se muestran durante la carga de datos,Usuario con sesión iniciada,1. Ir a una sección que cargue datos 2. Observar la carga inicial,N/A,Se muestra el skeleton loader durante la carga y se reemplaza por el contenido real cuando está disponible,Pendiente,⏳ Pendiente,Media,Sofía Ramírez,—,—
39,Componentes Compartidos,Validar página de desconexión,Verificar que se muestra la página de desconexión cuando no hay internet,Usuario con sesión iniciada,1. Desactivar la conexión a internet 2. Intentar cargar datos en la aplicación,N/A,Se muestra la página de desconexión con mensaje informativo,Pendiente,⏳ Pendiente,Alta,Sofía Ramírez,—,—
40,Componentes Compartidos,Validar animaciones,Verificar que las animaciones de la aplicación funcionan correctamente,Usuario con sesión iniciada,1. Realizar acciones que activen animaciones (transiciones, efectos shake, fade),N/A,Las animaciones se ejecutan correctamente y son fluidas,Pendiente,⏳ Pendiente,Baja,Sofía Ramírez,—,—
41,Navegación,Validar navegación entre pestañas,Verificar que el usuario puede navegar correctamente entre las pestañas principales,Usuario con sesión iniciada,1. Iniciar sesión 2. Hacer clic en las diferentes pestañas del menú inferior,N/A,La aplicación navega correctamente entre las diferentes secciones,Pendiente,⏳ Pendiente,Alta,Diego Morales,—,—
42,Navegación,Validar navegación hacia atrás,Verificar que el botón de retroceso funciona correctamente,Usuario con sesión iniciada y navegación previa realizada,1. Navegar a una sección interna 2. Hacer clic en el botón de retroceso,N/A,La aplicación regresa a la pantalla anterior correctamente,Pendiente,⏳ Pendiente,Alta,Diego Morales,—,—
43,Navegación,Validar deep linking,Verificar que los enlaces profundos funcionan correctamente,Usuario con sesión iniciada,1. Abrir un enlace profundo a una sección específica de la aplicación,N/A,La aplicación navega directamente a la sección especificada,Pendiente,⏳ Pendiente,Media,Diego Morales,—,—
44,Rendimiento,Validar tiempo de carga inicial,Verificar que la aplicación se carga en un tiempo razonable,Ninguna,1. Cerrar la aplicación completamente 2. Abrir la aplicación 3. Medir el tiempo hasta que se muestra la pantalla inicial,N/A,La aplicación se carga en menos de 3 segundos,Pendiente,⏳ Pendiente,Alta,Fernando Vega,—,—
45,Rendimiento,Validar consumo de memoria,Verificar que la aplicación no consume memoria excesiva,Usuario con sesión iniciada,1. Usar la aplicación durante al menos 10 minutos 2. Verificar el consumo de memoria,N/A,El consumo de memoria se mantiene estable y no aumenta significativamente con el tiempo,Pendiente,⏳ Pendiente,Alta,Fernando Vega,—,—
46,Rendimiento,Validar fluidez de scroll,Verificar que el desplazamiento en listas largas es fluido,Usuario con sesión iniciada,1. Ir a una sección con lista larga (ejercicios, tablas) 2. Realizar scroll rápido hacia arriba y abajo,N/A,El scroll es fluido sin saltos ni congelaciones,Pendiente,⏳ Pendiente,Alta,Fernando Vega,—,—
47,Rendimiento,Validar carga de imágenes,Verificar que las imágenes se cargan correctamente y de manera optimizada,Usuario con sesión iniciada,1. Ir a secciones con imágenes (ejercicios, perfil) 2. Observar la carga de imágenes,N/A,Las imágenes se cargan rápidamente y se muestran correctamente,Pendiente,⏳ Pendiente,Media,Fernando Vega,—,—
48,Rendimiento,Validar transiciones entre pantallas,Verificar que las transiciones entre pantallas son fluidas,Usuario con sesión iniciada,1. Navegar entre diferentes secciones de la aplicación,N/A,Las transiciones son suaves y sin retrasos perceptibles,Pendiente,⏳ Pendiente,Media,Fernando Vega,—,—
49,Accesibilidad,Validar contraste de colores,Verificar que el contraste de colores cumple con los estándares de accesibilidad,Ninguna,1. Revisar diferentes pantallas de la aplicación 2. Verificar el contraste entre texto y fondo,N/A,El contraste cumple con los estándares WCAG 2.1 AA,Pendiente,⏳ Pendiente,Alta,Lucía Jiménez,—,—
50,Accesibilidad,Validar tamaño de texto,Verificar que el texto es legible y se puede ajustar su tamaño,Usuario con sesión iniciada,1. Ir a configuración 2. Cambiar el tamaño de texto del sistema 3. Verificar que la aplicación responde al cambio,N/A,El texto se ajusta correctamente según la configuración del sistema,Pendiente,⏳ Pendiente,Alta,Lucía Jiménez,—,—
51,Accesibilidad,Validar navegación por teclado,Verificar que se puede navegar por la aplicación usando solo el teclado,Usuario con sesión iniciada,1. Conectar un teclado al dispositivo 2. Intentar navegar por la aplicación usando solo el teclado,N/A,Es posible acceder a todas las funcionalidades usando solo el teclado,Pendiente,⏳ Pendiente,Media,Lucía Jiménez,—,—
52,Accesibilidad,Validar etiquetas para lectores de pantalla,Verificar que todos los elementos tienen etiquetas adecuadas para lectores de pantalla,Usuario con sesión iniciada,1. Activar el lector de pantalla del dispositivo 2. Navegar por diferentes secciones de la aplicación,N/A,Todos los elementos tienen etiquetas descriptivas que son leídas correctamente por el lector de pantalla,Pendiente,⏳ Pendiente,Alta,Lucía Jiménez,—,—
53,Accesibilidad,Validar modo de alto contraste,Verificar que la aplicación es compatible con el modo de alto contraste,Usuario con sesión iniciada,1. Activar el modo de alto contraste en el dispositivo 2. Verificar la visualización de la aplicación,N/A,La aplicación se visualiza correctamente en modo de alto contraste,Pendiente,⏳ Pendiente,Media,Lucía Jiménez,—,—
54,Calculadoras,Validar calculadora de macros,Verificar que la calculadora de macronutrientes funciona correctamente,Usuario con sesión iniciada,1. Ir a la sección de Calculadoras 2. Seleccionar calculadora de macros 3. Ingresar datos requeridos 4. Calcular,"peso=80, altura=180, edad=30, actividad=moderada, objetivo=mantenimiento",Muestra resultados correctos de calorías y distribución de macronutrientes,Pendiente,⏳ Pendiente,Alta,Raúl Ortiz,—,—
55,Calculadoras,Validar calculadora de 1RM,Verificar que la calculadora de 1 repetición máxima funciona correctamente,Usuario con sesión iniciada,1. Ir a la sección de Calculadoras 2. Seleccionar calculadora de 1RM 3. Ingresar datos requeridos 4. Calcular,"peso=100, repeticiones=8",Muestra resultado correcto de 1RM estimado,Pendiente,⏳ Pendiente,Alta,Raúl Ortiz,—,—
56,Calculadoras,Validar guardado de cálculos,Verificar que el usuario puede guardar los resultados de los cálculos,Usuario con sesión iniciada,1. Realizar un cálculo 2. Seleccionar opción de guardar 3. Verificar que se ha guardado,N/A,Cálculo guardado correctamente y accesible desde el historial,Pendiente,⏳ Pendiente,Media,Raúl Ortiz,—,—
57,Notas,Añadir nota,Verificar que el usuario puede añadir una nota a un entrenamiento,Usuario con sesión iniciada y entrenamiento en curso,1. Ir a la sesión de entrenamiento activa 2. Seleccionar opción de añadir nota 3. Ingresar texto 4. Guardar,"nota=Aumentar peso en próxima sesión",Nota guardada correctamente y visible en el entrenamiento,Pendiente,⏳ Pendiente,Alta,Isabel Navarro,—,—
58,Notas,Editar nota,Verificar que el usuario puede editar una nota existente,Usuario con sesión iniciada y nota creada,1. Ir al entrenamiento con nota 2. Seleccionar nota 3. Elegir opción de editar 4. Modificar texto 5. Guardar,"nota=Mantener peso actual",Cambios guardados correctamente y reflejados en la nota,Pendiente,⏳ Pendiente,Media,Isabel Navarro,—,—
59,Notas,Eliminar nota,Verificar que el usuario puede eliminar una nota existente,Usuario con sesión iniciada y nota creada,1. Ir al entrenamiento con nota 2. Seleccionar nota 3. Elegir opción de eliminar 4. Confirmar eliminación,N/A,Nota eliminada correctamente y ya no visible en el entrenamiento,Pendiente,⏳ Pendiente,Media,Isabel Navarro,—,—
60,Tema,Cambiar tema claro/oscuro,Verificar que el usuario puede cambiar entre tema claro y oscuro,Usuario con sesión iniciada,1. Ir a la sección de Perfil 2. Seleccionar opción de configuración 3. Cambiar tema 4. Guardar,"tema=oscuro",Tema cambiado correctamente y aplicado a toda la aplicación,Pendiente,⏳ Pendiente,Alta,Pablo Serrano,—,—
61,Tema,Validar tema automático,Verificar que el tema automático cambia según la configuración del sistema,Usuario con sesión iniciada,1. Configurar tema automático en la aplicación 2. Cambiar el tema del sistema entre claro y oscuro,N/A,El tema de la aplicación cambia automáticamente según el tema del sistema,Pendiente,⏳ Pendiente,Media,Pablo Serrano,—,—
62,Tema,Validar persistencia de tema,Verificar que la preferencia de tema se mantiene al cerrar y abrir la app,Usuario con sesión iniciada y tema configurado,1. Configurar un tema específico 2. Cerrar app 3. Abrir app nuevamente,N/A,La aplicación mantiene el tema configurado previamente,Pendiente,⏳ Pendiente,Media,Pablo Serrano,—,—